Timestamp,Email Address,Name,"Mailing Address  (Street Address, City, State, and Zip)",Donation Levels,Would you like to add a custom one time donation amount? Please enter numbers only - $,Would you like to become a member?,Payable Order ID,Payable Total,Payable Status,Payable Payment Method,Payable Transaction ID,Payable Last Updated,
10/20/2023 18:46,bschroh@historysanjose.org,Test,Test,2 tickets - $5.00,,,BJ-TF-YY6U,$5.00 ,checkout-started (TEST),,,10/20/2023 18:46,
,a@gmal,a,A street,2,,,,,,,,,
,b@gmal,b,B Street,5,,,,,,,,,
,c@gmal,c,C Street,10,,,,,,,,,
,d@gmal,d,D Street,10,,,,,,,,,
,e@gmail,e,E Street,5,,,,,,,,,
,f@gmail,f,F Street,,,,,,,,,,
,g@gmail,g,G Street,5,,,,,,,,,
,h@gmail,h,H Street,10,,,,,,,,,
,i@gamil,i,I street,5,,,,,,,,,
,j@gmail,j,J Street,5,,,,,,,,,
,k@gmail,k,k Streen,10,,,,,,,,,1
,,,,,,,,,,,,,1
,,,,,,,,,,,,,1
,,,,,,,,,,,,,1
,,,,,,,,,,,,,1
,,,,,,,,,,,,,1
,,,,,,,,,,,,,1
,,,,,,,,,,,,,1
,,,,,,,,,,,,,1
,,,,,,,,,,,,,1
,,,,,,,,,,,,,1
,,,,,,,,,,,,,1
,,,,,,,,,,,,,1
,,,,,,,,,,,,,1
,,,,,,,,,,,,,1
